,subject,age,age_group
070A02.JPG,070,2,00-03
064A15.JPG,064,15,12-16
055A22.JPG,055,22,17-24
029A11.JPG,029,11,04-11
077A10.JPG,077,10,04-11
048A16.JPG,048,16,12-16
029A04.JPG,029,4,04-11
081A04.JPG,081,4,04-11
071A35.JPG,071,35,25-40
045A17.JPG,045,17,17-24
074A05.JPG,074,5,04-11
073A05.JPG,073,5,04-11
037A04.JPG,037,4,04-11
014A40.JPG,014,40,25-40
042A14.JPG,042,14,12-16
012A27.JPG,012,27,25-40
032A06.JPG,032,6,04-11
078A02.JPG,078,2,00-03
018A34.JPG,018,34,25-40
018A29.JPG,018,29,25-40
029A01.JPG,029,1,00-03
073A01.JPG,073,1,00-03
072A21.JPG,072,21,17-24
060A07.JPG,060,7,04-11
080A02.JPG,080,2,00-03
073A14.JPG,073,14,12-16
080A10.JPG,080,10,04-11
038A08.JPG,038,8,04-11
010A07b.JPG,010,7,04-11
071A23.JPG,071,23,17-24
048A18.JPG,048,18,17-24
047A06.JPG,047,6,04-11
030A26.JPG,030,26,25-40
066A02b.JPG,066,2,00-03
027A20.JPG,027,20,17-24
072A41.JPG,072,41,41+
071A44.JPG,071,44,41+
048A00.JPG,048,0,00-03
082A21.JPG,082,21,17-24
015A09.JPG,015,9,04-11
027A30.JPG,027,30,25-40
049A12.JPG,049,12,12-16
043A04.JPG,043,4,04-11
012A18.JPG,012,18,17-24
033A44.JPG,033,44,41+
048A33.JPG,048,33,25-40
007A38.JPG,007,38,25-40
035A05.JPG,035,5,04-11
053A13.JPG,053,13,12-16
040A16.JPG,040,16,12-16
037A13.JPG,037,13,12-16
040A12.JPG,040,12,12-16
011A27.JPG,011,27,25-40
001A29.JPG,001,29,25-40
061A04.JPG,061,4,04-11
024A00.JPG,024,0,00-03
019A00.JPG,019,0,00-03
031A09.JPG,031,9,04-11
034A15.JPG,034,15,12-16
052A17.JPG,052,17,17-24
003A18.JPG,003,18,17-24
047A15.JPG,047,15,12-16
056A04.JPG,056,4,04-11
002A15.JPG,002,15,12-16
014A18.JPG,014,18,17-24
004A21.JPG,004,21,17-24
029A05.JPG,029,5,04-11
074A12.JPG,074,12,12-16
036A01.JPG,036,1,00-03
004A30.JPG,004,30,25-40
057A07.JPG,057,7,04-11
071A43.JPG,071,43,41+
028A37.JPG,028,37,25-40
042A05.JPG,042,5,04-11
025A34.JPG,025,34,25-40
079A05.JPG,079,5,04-11
074A11.JPG,074,11,04-11
002A38.JPG,002,38,25-40
059A02a.JPG,059,2,00-03
037A08.JPG,037,8,04-11
036A20.JPG,036,20,17-24
063A00.JPG,063,0,00-03
048A27.JPG,048,27,25-40
038A04.JPG,038,4,04-11
016A04.JPG,016,4,04-11
081A12.JPG,081,12,12-16
074A14.JPG,074,14,12-16
022A27.JPG,022,27,25-40
006A55.JPG,006,55,41+
075A10.JPG,075,10,04-11
030A04.JPG,030,4,04-11
008A16.JPG,008,16,12-16
013A16.JPG,013,16,12-16
023A25.JPG,023,25,25-40
066A11.JPG,066,11,04-11
020A02.JPG,020,2,00-03
080A09.JPG,080,9,04-11
063A02.JPG,063,2,00-03
068A09.JPG,068,9,04-11
017A07.JPG,017,7,04-11
025A12.JPG,025,12,12-16
065A07a.JPG,065,7,04-11
032A18.JPG,032,18,17-24
008A12.JPG,008,12,12-16
031A14.JPG,031,14,12-16
034A35.JPG,034,35,25-40
053A08.JPG,053,8,04-11
002A21.JPG,002,21,17-24
017A22.JPG,017,22,17-24
082A25.JPG,082,25,25-40
060A11.JPG,060,11,04-11
054A13.JPG,054,13,12-16
063A18.JPG,063,18,17-24
015A10.JPG,015,10,04-11
036A17.JPG,036,17,17-24
051A02.JPG,051,2,00-03
064A19.JPG,064,19,17-24
003A49.JPG,003,49,41+
013A00.JPG,013,0,00-03
070A09.JPG,070,9,04-11
023A07.JPG,023,7,04-11
069A06.JPG,069,6,04-11
058A06.JPG,058,6,04-11
005A52.JPG,005,52,41+
073A00.JPG,073,0,00-03
039A10.JPG,039,10,04-11
020A24.JPG,020,24,17-24
016A17.JPG,016,17,17-24
074A06.JPG,074,6,04-11
031A15.JPG,031,15,12-16
046A14.JPG,046,14,12-16
047A23.JPG,047,23,17-24
008A13.JPG,008,13,12-16
052A10.JPG,052,10,04-11
060A05.JPG,060,5,04-11
049A10.JPG,049,10,04-11
073A06.JPG,073,6,04-11
078A09.JPG,078,9,04-11
049A05.JPG,049,5,04-11
048A50.JPG,048,50,41+
005A24.JPG,005,24,17-24
077A03.JPG,077,3,00-03
067A23.JPG,067,23,17-24
069A02.JPG,069,2,00-03
076A12.JPG,076,12,12-16
082A18.JPG,082,18,17-24
015A07.JPG,015,7,04-11
079A12.JPG,079,12,12-16
039A05.JPG,039,5,04-11
030A00.JPG,030,0,00-03
004A51.JPG,004,51,41+
049A16.JPG,049,16,12-16
052A13.JPG,052,13,12-16
077A12.JPG,077,12,12-16
034A21.JPG,034,21,17-24
001A43b.JPG,001,43,41+
018A28.JPG,018,28,25-40
076A04.JPG,076,4,04-11
033A25.JPG,033,25,25-40
078A04.JPG,078,4,04-11
048A11.JPG,048,11,04-11
072A29.JPG,072,29,25-40
027A16.JPG,027,16,12-16
037A11.JPG,037,11,04-11
077A08.JPG,077,8,04-11
022A30.JPG,022,30,25-40
029A20.JPG,029,20,17-24
076A07.JPG,076,7,04-11
043A10.JPG,043,10,04-11
016A05.JPG,016,5,04-11
013A18.JPG,013,18,17-24
081A11.JPG,081,11,04-11
080A05.JPG,080,5,04-11
036A19.JPG,036,19,17-24
054A02.JPG,054,2,00-03
079A00.JPG,079,0,00-03
001A22.JPG,001,22,17-24
043A13.JPG,043,13,12-16
070A12.JPG,070,12,12-16
060A17.JPG,060,17,17-24
068A10a.JPG,068,10,04-11
056A15.JPG,056,15,12-16
065A11.JPG,065,11,04-11
032A33.JPG,032,33,25-40
007A01.JPG,007,1,00-03
010A16.JPG,010,16,12-16
067A28.JPG,067,28,25-40
003A35.JPG,003,35,25-40
073A08.JPG,073,8,04-11
061A19.JPG,061,19,17-24
047A18.JPG,047,18,17-24
045A19.JPG,045,19,17-24
054A00.JPG,054,0,00-03
047A11.JPG,047,11,04-11
005A35.JPG,005,35,25-40
001A43a.JPG,001,43,41+
003A25.JPG,003,25,25-40
057A00.JPG,057,0,00-03
041A19.JPG,041,19,17-24
026A06.JPG,026,6,04-11
023A09.JPG,023,9,04-11
041A20.JPG,041,20,17-24
011A17.JPG,011,17,17-24
008A30.JPG,008,30,25-40
018A18.JPG,018,18,17-24
041A21.JPG,041,21,17-24
019A27.JPG,019,27,25-40
021A16.JPG,021,16,12-16
037A02.JPG,037,2,00-03
004A53.JPG,004,53,41+
010A05.JPG,010,5,04-11
049A17.JPG,049,17,17-24
048A49.JPG,048,49,41+
066A07.JPG,066,7,04-11
054A11.JPG,054,11,04-11
072A25.JPG,072,25,25-40
058A05.JPG,058,5,04-11
020A13.JPG,020,13,12-16
017A17.JPG,017,17,17-24
020A36.JPG,020,36,25-40
053A01.JPG,053,1,00-03
028A35.JPG,028,35,25-40
066A00.JPG,066,0,00-03
076A09.JPG,076,9,04-11
074A04.JPG,074,4,04-11
028A28.JPG,028,28,25-40
056A10.JPG,056,10,04-11
035A18.JPG,035,18,17-24
068A12.JPG,068,12,12-16
048A10.JPG,048,10,04-11
041A00.JPG,041,0,00-03
009A14.JPG,009,14,12-16
029A16.JPG,029,16,12-16
076A17.JPG,076,17,17-24
023A21.JPG,023,21,17-24
076A08.JPG,076,8,04-11
052A19.JPG,052,19,17-24
034A30.JPG,034,30,25-40
010A15.JPG,010,15,12-16
051A05.JPG,051,5,04-11
073A04.JPG,073,4,04-11
023A18.JPG,023,18,17-24
081A10.JPG,081,10,04-11
065A08.JPG,065,8,04-11
062A35.JPG,062,35,25-40
002A12.JPG,002,12,12-16
079A03.JPG,079,3,00-03
026A04.JPG,026,4,04-11
007A23.JPG,007,23,17-24
046A20.JPG,046,20,17-24
048A46.JPG,048,46,41+
046A04.JPG,046,4,04-11
080A08.JPG,080,8,04-11
019A07.JPG,019,7,04-11
008A29.JPG,008,29,25-40
054A09.JPG,054,9,04-11
059A02b.JPG,059,2,00-03
028A26.JPG,028,26,25-40
023A29.JPG,023,29,25-40
021A30.JPG,021,30,25-40
009A13.JPG,009,13,12-16
041A06.JPG,041,6,04-11
049A06.JPG,049,6,04-11
053A03.JPG,053,3,00-03
035A08.JPG,035,8,04-11
021A03.JPG,021,3,00-03
082A31.JPG,082,31,25-40
030A10.JPG,030,10,04-11
001A05.JPG,001,5,04-11
037A19.JPG,037,19,17-24
030A23.JPG,030,23,17-24
007A22.JPG,007,22,17-24
065A02b.JPG,065,2,00-03
029A23.JPG,029,23,17-24
046A17.JPG,046,17,17-24
036A00.JPG,036,0,00-03
066A08.JPG,066,8,04-11
060A04.JPG,060,4,04-11
073A07.JPG,073,7,04-11
068A00.JPG,068,0,00-03
081A07.JPG,081,7,04-11
058A10.JPG,058,10,04-11
069A03.JPG,069,3,00-03
009A22a.JPG,009,22,17-24
059A04.JPG,059,4,04-11
057A23.JPG,057,23,17-24
013A30.JPG,013,30,25-40
065A13.JPG,065,13,12-16
019A18.JPG,019,18,17-24
019A03.JPG,019,3,00-03
012A25.JPG,012,25,25-40
003A58.JPG,003,58,41+
043A27.JPG,043,27,25-40
077A07.JPG,077,7,04-11
077A11.JPG,077,11,04-11
060A06.JPG,060,6,04-11
042A28.JPG,042,28,25-40
077A06.JPG,077,6,04-11
013A41.JPG,013,41,41+
080A14.JPG,080,14,12-16
025A15.JPG,025,15,12-16
008A17.JPG,008,17,17-24
020A26.JPG,020,26,25-40
032A28.JPG,032,28,25-40
015A00.JPG,015,0,00-03
023A05.JPG,023,5,04-11
070A08.JPG,070,8,04-11
062A15.JPG,062,15,12-16
003A60.JPG,003,60,41+
066A02a.JPG,066,2,00-03
070A01.JPG,070,1,00-03
069A09.JPG,069,9,04-11
027A11.JPG,027,11,04-11
052A14.JPG,052,14,12-16
043A17.JPG,043,17,17-24
029A33.JPG,029,33,25-40
031A19.JPG,031,19,17-24
067A14.JPG,067,14,12-16
065A02a.JPG,065,2,00-03
080A03.JPG,080,3,00-03
073A13.JPG,073,13,12-16
059A06.JPG,059,6,04-11
027A25.JPG,027,25,25-40
072A14.JPG,072,14,12-16
012A36.JPG,012,36,25-40
062A16.JPG,062,16,12-16
048A30.JPG,048,30,25-40
054A16.JPG,054,16,12-16
004A40.JPG,004,40,25-40
038A17.JPG,038,17,17-24
037A06.JPG,037,6,04-11
044A25.JPG,044,25,25-40
054A04.JPG,054,4,04-11
029A10.JPG,029,10,04-11
021A18.JPG,021,18,17-24
044A18.JPG,044,18,17-24
020A22.JPG,020,22,17-24
058A01.JPG,058,1,00-03
031A06.JPG,031,6,04-11
028A41.JPG,028,41,41+
022A23.JPG,022,23,17-24
051A00.JPG,051,0,00-03
021A23.JPG,021,23,17-24
073A16.JPG,073,16,12-16
039A35.JPG,039,35,25-40
035A21.JPG,035,21,17-24
029A29.JPG,029,29,25-40
066A03.JPG,066,3,00-03
017A26.JPG,017,26,25-40
033A14.JPG,033,14,12-16
052A18.JPG,052,18,17-24
079A13.JPG,079,13,12-16
038A21.JPG,038,21,17-24
036A15.JPG,036,15,12-16
079A11.JPG,079,11,04-11
055A06.JPG,055,6,04-11
075A11.JPG,075,11,04-11
065A07b.JPG,065,7,04-11
072A19.JPG,072,19,17-24
062A47.JPG,062,47,41+
067A17.JPG,067,17,17-24
020A18.JPG,020,18,17-24
045A03.JPG,045,3,00-03
053A12.JPG,053,12,12-16
061A17.JPG,061,17,17-24
039A45.JPG,039,45,41+
076A11.JPG,076,11,04-11
061A15.JPG,061,15,12-16
016A01.JPG,016,1,00-03
016A08.JPG,016,8,04-11
036A13.JPG,036,13,12-16
054A12.JPG,054,12,12-16
047A12.JPG,047,12,12-16
074A08.JPG,074,8,04-11
082A16.JPG,082,16,12-16
005A49.JPG,005,49,41+
058A02.JPG,058,2,00-03
052A20.JPG,052,20,17-24
081A00.JPG,081,0,00-03
007A39.JPG,007,39,25-40
021A20.JPG,021,20,17-24
057A17.JPG,057,17,17-24
040A05.JPG,040,5,04-11
026A15.JPG,026,15,12-16
040A19.JPG,040,19,17-24
074A01.JPG,074,1,00-03
018A22.JPG,018,22,17-24
038A03.JPG,038,3,00-03
052A04.JPG,052,4,04-11
064A10.JPG,064,10,04-11
038A00.JPG,038,0,00-03
005A31.JPG,005,31,25-40
061A25.JPG,061,25,25-40
066A06b.JPG,066,6,04-11
003A38.JPG,003,38,25-40
006A61.JPG,006,61,41+
051A14.JPG,051,14,12-16
030A07.JPG,030,7,04-11
012A34.JPG,012,34,25-40
015A12.JPG,015,12,12-16
040A21.JPG,040,21,17-24
069A07.JPG,069,7,04-11
022A20.JPG,022,20,17-24
067A30.JPG,067,30,25-40
081A03.JPG,081,3,00-03
039A16.JPG,039,16,12-16
009A01.JPG,009,1,00-03
022A14.JPG,022,14,12-16
039A50.JPG,039,50,41+
001A16.JPG,001,16,12-16
004A26.JPG,004,26,25-40
074A15.JPG,074,15,12-16
008A21.JPG,008,21,17-24
030A17.JPG,030,17,17-24
004A19.JPG,004,19,17-24
004A37.JPG,004,37,25-40
022A26.JPG,022,26,25-40
076A02.JPG,076,2,00-03
056A12.JPG,056,12,12-16
043A03.JPG,043,3,00-03
034A11.JPG,034,11,04-11
070A07.JPG,070,7,04-11
027A13.JPG,027,13,12-16
011A05.JPG,011,5,04-11
051A16.JPG,051,16,12-16
004A28.JPG,004,28,25-40
007A37.JPG,007,37,25-40
072A45.JPG,072,45,41+
011A02.JPG,011,2,00-03
077A02.JPG,077,2,00-03
014A14.JPG,014,14,12-16
007A45.JPG,007,45,41+
032A15.JPG,032,15,12-16
075A02.JPG,075,2,00-03
014A16.JPG,014,16,12-16
038A05.JPG,038,5,04-11
013A44.JPG,013,44,41+
045A48.JPG,045,48,41+
012A26.JPG,012,26,25-40
079A09.JPG,079,9,04-11
027A41.JPG,027,41,41+
036A08.JPG,036,8,04-11
076A06.JPG,076,6,04-11
030A18.JPG,030,18,17-24
081A06.JPG,081,6,04-11
020A30.JPG,020,30,25-40
033A39.JPG,033,39,25-40
021A35.JPG,021,35,25-40
045A40.JPG,045,40,25-40
020A20.JPG,020,20,17-24
058A00.JPG,058,0,00-03
078A01.JPG,078,1,00-03
037A18.JPG,037,18,17-24
034A16.JPG,034,16,12-16
025A23.JPG,025,23,17-24
006A24.JPG,006,24,17-24
076A13.JPG,076,13,12-16
047A20.JPG,047,20,17-24
053A04.JPG,053,4,04-11
048A09.JPG,048,9,04-11
082A03.JPG,082,3,00-03
061A06.JPG,061,6,04-11
016A18.JPG,016,18,17-24
024A25.JPG,024,25,25-40
011A20.JPG,011,20,17-24
080A04.JPG,080,4,04-11
034A13.JPG,034,13,12-16
035A09.JPG,035,9,04-11
035A12.JPG,035,12,12-16
081A08.JPG,081,8,04-11
079A01.JPG,079,1,00-03
003A47.JPG,003,47,41+
063A25.JPG,063,25,25-40
019A23.JPG,019,23,17-24
077A01.JPG,077,1,00-03
038A34.JPG,038,34,25-40
028A18.JPG,028,18,17-24
017A15.JPG,017,15,12-16
012A23.JPG,012,23,17-24
025A28.JPG,025,28,25-40
014A30.JPG,014,30,25-40
017A32.JPG,017,32,25-40
038A11.JPG,038,11,04-11
065A04.JPG,065,4,04-11
046A01.JPG,046,1,00-03
005A30.JPG,005,30,25-40
066A06a.JPG,066,6,04-11
027A18.JPG,027,18,17-24
017A36.JPG,017,36,25-40
044A13.JPG,044,13,12-16
050A03.JPG,050,3,00-03
046A00.JPG,046,0,00-03
040A14.JPG,040,14,12-16
023A22.JPG,023,22,17-24
041A13.JPG,041,13,12-16
055A05.JPG,055,5,04-11
016A03.JPG,016,3,00-03
060A20.JPG,060,20,17-24
011A15.JPG,011,15,12-16
040A06.JPG,040,6,04-11
047A45.JPG,047,45,41+
026A00.JPG,026,0,00-03
065A10.JPG,065,10,04-11
035A16.JPG,035,16,12-16
042A04.JPG,042,4,04-11
076A05.JPG,076,5,04-11
024A18.JPG,024,18,17-24
018A11.JPG,018,11,04-11
050A14.JPG,050,14,12-16
009A00.JPG,009,0,00-03
030A16.JPG,030,16,12-16
070A00.JPG,070,0,00-03
022A28.JPG,022,28,25-40
010A10.JPG,010,10,04-11
053A00.JPG,053,0,00-03
006A69.JPG,006,69,41+
066A09.JPG,066,9,04-11
048A54.JPG,048,54,41+
010A09.JPG,010,9,04-11
034A39.JPG,034,39,25-40
069A05.JPG,069,5,04-11
081A02.JPG,081,2,00-03
055A23.JPG,055,23,17-24
079A04.JPG,079,4,04-11
022A07.JPG,022,7,04-11
034A44.JPG,034,44,41+
076A16.JPG,076,16,12-16
071A10.JPG,071,10,04-11
006A40.JPG,006,40,25-40
045A12.JPG,045,12,12-16
047A55.JPG,047,55,41+
038A10.JPG,038,10,04-11
032A35.JPG,032,35,25-40
069A00.JPG,069,0,00-03
055A08.JPG,055,8,04-11
075A03.JPG,075,3,00-03
002A03.JPG,002,3,00-03
073A11.JPG,073,11,04-11
026A18.JPG,026,18,17-24
016A16.JPG,016,16,12-16
036A11.JPG,036,11,04-11
025A22.JPG,025,22,17-24
074A09.JPG,074,9,04-11
008A33.JPG,008,33,25-40
038A13.JPG,038,13,12-16
082A20.JPG,082,20,17-24
058A17.JPG,058,17,17-24
042A06.JPG,042,6,04-11
025A00.JPG,025,0,00-03
073A02.JPG,073,2,00-03
010A12.JPG,010,12,12-16
014A22.JPG,014,22,17-24
039A02.JPG,039,2,00-03
012A14.JPG,012,14,12-16
050A10.JPG,050,10,04-11
009A03.JPG,009,3,00-03
075A00.JPG,075,0,00-03
029A22.JPG,029,22,17-24
080A12.JPG,080,12,12-16
067A04.JPG,067,4,04-11
033A21.JPG,033,21,17-24
065A03a.JPG,065,3,00-03
078A13.JPG,078,13,12-16
050A06.JPG,050,6,04-11
016A07.JPG,016,7,04-11
018A06.JPG,018,6,04-11
035A00.JPG,035,0,00-03
006A28.JPG,006,28,25-40
022A00.JPG,022,0,00-03
042A00.JPG,042,0,00-03
071A24.JPG,071,24,17-24
059A12.JPG,059,12,12-16
026A07.JPG,026,7,04-11
068A14.JPG,068,14,12-16
031A03.JPG,031,3,00-03
071A00.JPG,071,0,00-03
069A11.JPG,069,11,04-11
031A11.JPG,031,11,04-11
012A07.JPG,012,7,04-11
067A33.JPG,067,33,25-40
054A18.JPG,054,18,17-24
052A16.JPG,052,16,12-16
016A10.JPG,016,10,04-11
033A18.JPG,033,18,17-24
028A34.JPG,028,34,25-40
017A05.JPG,017,5,04-11
026A19.JPG,026,19,17-24
022A11.JPG,022,11,04-11
077A09.JPG,077,9,04-11
058A04.JPG,058,4,04-11
057A05.JPG,057,5,04-11
073A15.JPG,073,15,12-16
022A16.JPG,022,16,12-16
061A26.JPG,061,26,25-40
025A39.JPG,025,39,25-40
040A00.JPG,040,0,00-03
074A00.JPG,074,0,00-03
059A07.JPG,059,7,04-11
013A21.JPG,013,21,17-24
032A24.JPG,032,24,17-24
011A11.JPG,011,11,04-11
019A15.JPG,019,15,12-16
042A18.JPG,042,18,17-24
026A17.JPG,026,17,17-24
037A09.JPG,037,9,04-11
008A06.JPG,008,6,04-11
081A01.JPG,081,1,00-03
024A19.JPG,024,19,17-24
010A01.JPG,010,1,00-03
010A06.JPG,010,6,04-11
070A05.JPG,070,5,04-11
060A10.JPG,060,10,04-11
035A23a.JPG,035,23,17-24
075A05.JPG,075,5,04-11
015A15.JPG,015,15,12-16
045A43.JPG,045,43,41+
078A06.JPG,078,6,04-11
056A02.JPG,056,2,00-03
068A11.JPG,068,11,04-11
056A06.JPG,056,6,04-11
003A61.JPG,003,61,41+
002A05.JPG,002,5,04-11
031A07.JPG,031,7,04-11
024A07.JPG,024,7,04-11
045A18.JPG,045,18,17-24
073A03.JPG,073,3,00-03
017A19.JPG,017,19,17-24
072A13.JPG,072,13,12-16
080A06.JPG,080,6,04-11
012A24.JPG,012,24,17-24
071A22.JPG,071,22,17-24
058A03.JPG,058,3,00-03
027A02.JPG,027,2,00-03
081A05.JPG,081,5,04-11
067A39.JPG,067,39,25-40
046A06.JPG,046,6,04-11
053A18.JPG,053,18,17-24
042A20.JPG,042,20,17-24
040A09.JPG,040,9,04-11
012A21.JPG,012,21,17-24
008A03.JPG,008,3,00-03
078A15.JPG,078,15,12-16
025A19.JPG,025,19,17-24
038A01.JPG,038,1,00-03
080A13.JPG,080,13,12-16
078A14.JPG,078,14,12-16
053A10.JPG,053,10,04-11
060A12.JPG,060,12,12-16
078A00.JPG,078,0,00-03
040A02.JPG,040,2,00-03
054A06.JPG,054,6,04-11
076A03.JPG,076,3,00-03
033A35.JPG,033,35,25-40
068A13.JPG,068,13,12-16
052A02.JPG,052,2,00-03
011A13.JPG,011,13,12-16
040A10.JPG,040,10,04-11
006A42.JPG,006,42,41+
008A31.JPG,008,31,25-40
012A30.JPG,012,30,25-40
034A02.JPG,034,2,00-03
039A17.JPG,039,17,17-24
080A00.JPG,080,0,00-03
064A01.JPG,064,1,00-03
063A33.JPG,063,33,25-40
047A09.JPG,047,9,04-11
059A16.JPG,059,16,12-16
042A08.JPG,042,8,04-11
042A12.JPG,042,12,12-16
002A07.JPG,002,7,04-11
060A08.JPG,060,8,04-11
069A10.JPG,069,10,04-11
034A18.JPG,034,18,17-24
051A24.JPG,051,24,17-24
024A30.JPG,024,30,25-40
022A18.JPG,022,18,17-24
082A00.JPG,082,0,00-03
001A40.JPG,001,40,25-40
002A16.JPG,002,16,12-16
003A20.JPG,003,20,17-24
015A04.JPG,015,4,04-11
002A29.JPG,002,29,25-40
006A31.JPG,006,31,25-40
023A16.JPG,023,16,12-16
076A01.JPG,076,1,00-03
055A14.JPG,055,14,12-16
009A11.JPG,009,11,04-11
002A04.JPG,002,4,04-11
053A06.JPG,053,6,04-11
018A25.JPG,018,25,25-40
053A02.JPG,053,2,00-03
053A15.JPG,053,15,12-16
006A46.JPG,006,46,41+
016A19.JPG,016,19,17-24
051A08.JPG,051,8,04-11
056A03.JPG,056,3,00-03
048A17.JPG,048,17,17-24
018A16.JPG,018,16,12-16
032A20.JPG,032,20,17-24
020A04.JPG,020,4,04-11
046A18.JPG,046,18,17-24
080A01.JPG,080,1,00-03
061A18.JPG,061,18,17-24
039A15.JPG,039,15,12-16
002A36.JPG,002,36,25-40
072A11.JPG,072,11,04-11
045A25.JPG,045,25,25-40
039A07.JPG,039,7,04-11
050A22.JPG,050,22,17-24
011A42.JPG,011,42,41+
060A02.JPG,060,2,00-03
064A04.JPG,064,4,04-11
063A20.JPG,063,20,17-24
008A08.JPG,008,8,04-11
060A19.JPG,060,19,17-24
077A13.JPG,077,13,12-16
001A08.JPG,001,8,04-11
063A04.JPG,063,4,04-11
026A13.JPG,026,13,12-16
068A03.JPG,068,3,00-03
067A21.JPG,067,21,17-24
062A53.JPG,062,53,41+
050A00.JPG,050,0,00-03
061A29.JPG,061,29,25-40
032A08.JPG,032,8,04-11
065A06b.JPG,065,6,04-11
077A14.JPG,077,14,12-16
053A11.JPG,053,11,04-11
028A16.JPG,028,16,12-16
038A14.JPG,038,14,12-16
015A19.JPG,015,19,17-24
001A33.JPG,001,33,25-40
079A06.JPG,079,6,04-11
013A25.JPG,013,25,25-40
076A00.JPG,076,0,00-03
023A14.JPG,023,14,12-16
019A12.JPG,019,12,12-16
002A31.JPG,002,31,25-40
002A23.JPG,002,23,17-24
035A23b.JPG,035,23,17-24
054A10.JPG,054,10,04-11
075A01.JPG,075,1,00-03
061A30.JPG,061,30,25-40
063A22.JPG,063,22,17-24
082A23.JPG,082,23,17-24
052A07.JPG,052,7,04-11
049A15.JPG,049,15,12-16
005A61.JPG,005,61,41+
074A03.JPG,074,3,00-03
033A05.JPG,033,5,04-11
082A22.JPG,082,22,17-24
032A40.JPG,032,40,25-40
056A01.JPG,056,1,00-03
068A04.JPG,068,4,04-11
015A01.JPG,015,1,00-03
016A14.JPG,016,14,12-16
015A05.JPG,015,5,04-11
054A17.JPG,054,17,17-24
075A07.JPG,075,7,04-11
038A23.JPG,038,23,17-24
065A12.JPG,065,12,12-16
044A07.JPG,044,7,04-11
049A07.JPG,049,7,04-11
072A17.JPG,072,17,17-24
055A04.JPG,055,4,04-11
065A03b.JPG,065,3,00-03
035A01.JPG,035,1,00-03
079A08.JPG,079,8,04-11
054A19.JPG,054,19,17-24
019A05.JPG,019,5,04-11
078A12.JPG,078,12,12-16
009A09.JPG,009,9,04-11
033A10.JPG,033,10,04-11
035A14.JPG,035,14,12-16
043A05.JPG,043,5,04-11
005A48.JPG,005,48,41+
077A04.JPG,077,4,04-11
040A07.JPG,040,7,04-11
072A02.JPG,072,2,00-03
041A04.JPG,041,4,04-11
016A12.JPG,016,12,12-16
017A38.JPG,017,38,25-40
020A08.JPG,020,8,04-11
008A35.JPG,008,35,25-40
032A10.JPG,032,10,04-11
001A18.JPG,001,18,17-24
005A40.JPG,005,40,25-40
019A30.JPG,019,30,25-40
006A51.JPG,006,51,41+
074A13.JPG,074,13,12-16
046A02.JPG,046,2,00-03
065A06a.JPG,065,6,04-11
071A42.JPG,071,42,41+
071A45.JPG,071,45,41+
031A04.JPG,031,4,04-11
036A18.JPG,036,18,17-24
033A02.JPG,033,2,00-03
022A25.JPG,022,25,25-40
017A12.JPG,017,12,12-16
049A08.JPG,049,8,04-11
044A15.JPG,044,15,12-16
