,img_name,subject,age,age_group
871,074A02.JPG,074,2,00-03
988,038A08.JPG,038,8,04-11
183,038A14.JPG,038,14,12-16
502,011A07.JPG,011,7,04-11
712,004A37.JPG,004,37,25-40
694,030A26.JPG,030,26,25-40
606,060A10.JPG,060,10,04-11
655,030A18.JPG,030,18,17-24
447,043A03.JPG,043,3,00-03
723,067A23.JPG,067,23,17-24
82,048A46.JPG,048,46,41+
191,045A28.JPG,045,28,25-40
938,042A00.JPG,042,0,00-03
697,011A17.JPG,011,17,17-24
734,052A14.JPG,052,14,12-16
143,062A53.JPG,062,53,41+
180,035A23a.JPG,035,23,17-24
536,048A10.JPG,048,10,04-11
500,018A22.JPG,018,22,17-24
523,046A17.JPG,046,17,17-24
991,036A19.JPG,036,19,17-24
560,009A16b.JPG,009,16,12-16
652,037A11.JPG,037,11,04-11
530,069A09.JPG,069,9,04-11
261,011A27.JPG,011,27,25-40
312,043A04.JPG,043,4,04-11
399,054A18.JPG,054,18,17-24
34,059A14.JPG,059,14,12-16
228,031A19.JPG,031,19,17-24
204,023A18.JPG,023,18,17-24
800,004A51.JPG,004,51,41+
276,013A23.JPG,013,23,17-24
689,027A16.JPG,027,16,12-16
122,028A16.JPG,028,16,12-16
608,067A21.JPG,067,21,17-24
927,048A49.JPG,048,49,41+
79,073A13.JPG,073,13,12-16
119,082A00.JPG,082,0,00-03
550,072A11.JPG,072,11,04-11
284,069A00.JPG,069,0,00-03
313,011A30.JPG,011,30,25-40
524,067A26.JPG,067,26,25-40
744,017A38.JPG,017,38,25-40
854,040A16.JPG,040,16,12-16
293,077A14.JPG,077,14,12-16
832,006A42.JPG,006,42,41+
15,010A10.JPG,010,10,04-11
942,068A04.JPG,068,4,04-11
314,043A10.JPG,043,10,04-11
400,053A11.JPG,053,11,04-11
906,068A12.JPG,068,12,12-16
897,078A03.JPG,078,3,00-03
504,037A17.JPG,037,17,17-24
349,067A04.JPG,067,4,04-11
426,041A13.JPG,041,13,12-16
475,046A16.JPG,046,16,12-16
428,077A06.JPG,077,6,04-11
874,031A06.JPG,031,6,04-11
559,039A10.JPG,039,10,04-11
269,051A12.JPG,051,12,12-16
111,059A16.JPG,059,16,12-16
924,073A08.JPG,073,8,04-11
20,061A10.JPG,061,10,04-11
923,028A18.JPG,028,18,17-24
918,028A26.JPG,028,26,25-40
128,055A12.JPG,055,12,12-16
535,041A20.JPG,041,20,17-24
357,035A08.JPG,035,8,04-11
644,018A18.JPG,018,18,17-24
483,027A13.JPG,027,13,12-16
758,040A14.JPG,040,14,12-16
297,020A04.JPG,020,4,04-11
141,049A17.JPG,049,17,17-24
617,079A09.JPG,079,9,04-11
664,029A05.JPG,029,5,04-11
720,046A06.JPG,046,6,04-11
757,047A09.JPG,047,9,04-11
933,064A04.JPG,064,4,04-11
602,032A18.JPG,032,18,17-24
997,052A10.JPG,052,10,04-11
503,011A13.JPG,011,13,12-16
773,050A10.JPG,050,10,04-11
528,060A11.JPG,060,11,04-11
144,062A47.JPG,062,47,41+
69,036A15.JPG,036,15,12-16
190,010A01.JPG,010,1,00-03
361,013A18.JPG,013,18,17-24
359,013A30.JPG,013,30,25-40
226,042A08.JPG,042,8,04-11
456,075A02.JPG,075,2,00-03
775,078A11.JPG,078,11,04-11
477,022A23.JPG,022,23,17-24
882,012A32.JPG,012,32,25-40
418,069A04.JPG,069,4,04-11
858,019A03.JPG,019,3,00-03
518,056A12.JPG,056,12,12-16
943,034A21.JPG,034,21,17-24
986,003A61.JPG,003,61,41+
632,008A35.JPG,008,35,25-40
270,077A16.JPG,077,16,12-16
11,038A11.JPG,038,11,04-11
1001,065A03a.JPG,065,3,00-03
840,002A26.JPG,002,26,25-40
382,030A04.JPG,030,4,04-11
214,011A40.JPG,011,40,25-40
268,029A22.JPG,029,22,17-24
755,006A55.JPG,006,55,41+
989,031A04.JPG,031,4,04-11
249,020A13.JPG,020,13,12-16
558,047A55.JPG,047,55,41+
338,022A14.JPG,022,14,12-16
404,051A00.JPG,051,0,00-03
705,037A06.JPG,037,6,04-11
1,026A11.JPG,026,11,04-11
288,046A08.JPG,046,8,04-11
814,074A11.JPG,074,11,04-11
17,042A18.JPG,042,18,17-24
797,019A00.JPG,019,0,00-03
326,072A19.JPG,072,19,17-24
431,022A07.JPG,022,7,04-11
125,073A16.JPG,073,16,12-16
394,039A35.JPG,039,35,25-40
336,077A01.JPG,077,1,00-03
566,043A19.JPG,043,19,17-24
647,040A03b.JPG,040,3,00-03
949,040A05.JPG,040,5,04-11
134,036A06.JPG,036,6,04-11
669,025A39.JPG,025,39,25-40
308,039A19.JPG,039,19,17-24
251,072A27.JPG,072,27,25-40
250,029A23.JPG,029,23,17-24
869,074A06.JPG,074,6,04-11
302,027A25.JPG,027,25,25-40
105,057A12.JPG,057,12,12-16
748,066A10.JPG,066,10,04-11
815,074A07.JPG,074,7,04-11
323,054A09.JPG,054,9,04-11
283,067A39.JPG,067,39,25-40
741,063A20.JPG,063,20,17-24
984,045A08.JPG,045,8,04-11
310,016A05.JPG,016,5,04-11
947,015A04.JPG,015,4,04-11
522,013A16.JPG,013,16,12-16
875,031A12.JPG,031,12,12-16
67,038A04.JPG,038,4,04-11
872,082A31.JPG,082,31,25-40
179,048A54.JPG,048,54,41+
391,043A00.JPG,043,0,00-03
91,045A06.JPG,045,6,04-11
883,012A26.JPG,012,26,25-40
658,006A31.JPG,006,31,25-40
319,018A29.JPG,018,29,25-40
189,004A48.JPG,004,48,41+
549,029A01.JPG,029,1,00-03
220,040A19.JPG,040,19,17-24
511,072A13.JPG,072,13,12-16
912,038A23.JPG,038,23,17-24
572,018A34.JPG,018,34,25-40
633,001A05.JPG,001,5,04-11
759,012A34.JPG,012,34,25-40
987,063A18.JPG,063,18,17-24
390,011A20.JPG,011,20,17-24
828,017A07.JPG,017,7,04-11
351,065A07a.JPG,065,7,04-11
354,032A15.JPG,032,15,12-16
441,065A12.JPG,065,12,12-16
565,071A40.JPG,071,40,25-40
756,040A00.JPG,040,0,00-03
427,014A12.JPG,014,12,12-16
275,048A27.JPG,048,27,25-40
911,031A07.JPG,031,7,04-11
513,081A04.JPG,081,4,04-11
223,027A41.JPG,027,41,41+
186,063A04.JPG,063,4,04-11
489,062A03.JPG,062,3,00-03
749,034A30.JPG,034,30,25-40
597,048A11.JPG,048,11,04-11
785,068A00.JPG,068,0,00-03
547,058A01.JPG,058,1,00-03
392,030A05.JPG,030,5,04-11
514,081A10.JPG,081,10,04-11
24,040A21.JPG,040,21,17-24
873,082A25.JPG,082,25,25-40
954,024A18.JPG,024,18,17-24
639,071A45.JPG,071,45,41+
985,010A09.JPG,010,9,04-11
813,074A05.JPG,074,5,04-11
221,034A15.JPG,034,15,12-16
423,067A17.JPG,067,17,17-24
529,060A05.JPG,060,5,04-11
163,034A16.JPG,034,16,12-16
462,001A43b.JPG,001,43,41+
188,036A11.JPG,036,11,04-11
439,053A13.JPG,053,13,12-16
601,046A14.JPG,046,14,12-16
27,062A41.JPG,062,41,41+
244,079A12.JPG,079,12,12-16
294,070A09.JPG,070,9,04-11
176,021A35.JPG,021,35,25-40
421,060A08.JPG,060,8,04-11
147,050A22.JPG,050,22,17-24
88,063A02.JPG,063,2,00-03
733,021A11.JPG,021,11,04-11
743,042A05.JPG,042,5,04-11
36,002A04.JPG,002,4,04-11
94,017A32.JPG,017,32,25-40
454,027A36.JPG,027,36,25-40
38,057A05.JPG,057,5,04-11
331,072A25.JPG,072,25,25-40
806,055A08.JPG,055,8,04-11
563,037A01.JPG,037,1,00-03
841,050A06.JPG,050,6,04-11
383,018A11.JPG,018,11,04-11
587,058A00.JPG,058,0,00-03
857,017A12.JPG,017,12,12-16
940,042A14.JPG,042,14,12-16
847,076A03.JPG,076,3,00-03
525,035A12.JPG,035,12,12-16
515,058A03.JPG,058,3,00-03
386,016A14.JPG,016,14,12-16
650,016A08.JPG,016,8,04-11
979,068A11.JPG,068,11,04-11
769,057A18.JPG,057,18,17-24
71,009A18.JPG,009,18,17-24
494,068A10a.JPG,068,10,04-11
629,020A20.JPG,020,20,17-24
47,005A18.JPG,005,18,17-24
29,023A09.JPG,023,9,04-11
440,008A17.JPG,008,17,17-24
208,057A00.JPG,057,0,00-03
941,033A14.JPG,033,14,12-16
538,070A00.JPG,070,0,00-03
588,004A19.JPG,004,19,17-24
57,012A14.JPG,012,14,12-16
388,016A01.JPG,016,1,00-03
398,008A29.JPG,008,29,25-40
384,005A40.JPG,005,40,25-40
968,071A24.JPG,071,24,17-24
568,011A05.JPG,011,5,04-11
140,047A12.JPG,047,12,12-16
877,068A13.JPG,068,13,12-16
567,066A02a.JPG,066,2,00-03
902,006A46.JPG,006,46,41+
953,078A15.JPG,078,15,12-16
371,072A21.JPG,072,21,17-24
945,015A10.JPG,015,10,04-11
103,002A07.JPG,002,7,04-11
534,013A00.JPG,013,0,00-03
35,080A07.JPG,080,7,04-11
754,033A05.JPG,033,5,04-11
348,060A19.JPG,060,19,17-24
48,080A06.JPG,080,6,04-11
444,016A03.JPG,016,3,00-03
951,023A05.JPG,023,5,04-11
495,037A02.JPG,037,2,00-03
109,002A12.JPG,002,12,12-16
850,015A03.JPG,015,3,00-03
433,051A16.JPG,051,16,12-16
442,030A07.JPG,030,7,04-11
148,059A06.JPG,059,6,04-11
127,026A17.JPG,026,17,17-24
946,008A41.JPG,008,41,41+
509,054A17.JPG,054,17,17-24
290,009A22a.JPG,009,22,17-24
939,017A29.JPG,017,29,25-40
445,016A17.JPG,016,17,17-24
241,014A03.JPG,014,3,00-03
68,038A10.JPG,038,10,04-11
739,064A15.JPG,064,15,12-16
675,032A35.JPG,032,35,25-40
61,072A45.JPG,072,45,41+
542,056A04.JPG,056,4,04-11
285,014A14.JPG,014,14,12-16
551,034A44.JPG,034,44,41+
886,076A07.JPG,076,7,04-11
702,044A03.JPG,044,3,00-03
807,014A40.JPG,014,40,25-40
844,078A12.JPG,078,12,12-16
19,033A18.JPG,033,18,17-24
673,048A00.JPG,048,0,00-03
159,006A67.JPG,006,67,41+
715,058A06.JPG,058,6,04-11
286,046A20.JPG,046,20,17-24
731,028A35.JPG,028,35,25-40
205,078A08.JPG,078,8,04-11
419,069A10.JPG,069,10,04-11
9,036A00.JPG,036,0,00-03
305,053A01.JPG,053,1,00-03
586,051A24.JPG,051,24,17-24
958,050A14.JPG,050,14,12-16
620,081A03.JPG,081,3,00-03
527,060A07.JPG,060,7,04-11
345,013A08.JPG,013,8,04-11
677,035A00.JPG,035,0,00-03
862,064A03.JPG,064,3,00-03
21,033A30.JPG,033,30,25-40
470,067A33.JPG,067,33,25-40
613,014A30.JPG,014,30,25-40
915,052A07.JPG,052,7,04-11
196,066A08.JPG,066,8,04-11
653,071A44.JPG,071,44,41+
860,031A02.JPG,031,2,00-03
611,014A18.JPG,014,18,17-24
506,062A16.JPG,062,16,12-16
849,015A17.JPG,015,17,17-24
779,076A14.JPG,076,14,12-16
730,065A02a.JPG,065,2,00-03
480,081A05.JPG,081,5,04-11
120,073A06.JPG,073,6,04-11
90,017A26.JPG,017,26,25-40
830,061A26.JPG,061,26,25-40
834,076A02.JPG,076,2,00-03
45,002A05.JPG,002,5,04-11
380,030A10.JPG,030,10,04-11
711,056A03.JPG,056,3,00-03
589,081A07.JPG,081,7,04-11
453,029A33.JPG,029,33,25-40
903,015A12.JPG,015,12,12-16
460,003A23.JPG,003,23,17-24
952,078A01.JPG,078,1,00-03
827,042A06.JPG,042,6,04-11
210,080A02.JPG,080,2,00-03
416,060A20.JPG,060,20,17-24
236,074A09.JPG,074,9,04-11
401,072A34.JPG,072,34,25-40
317,043A05.JPG,043,5,04-11
520,025A03.JPG,025,3,00-03
532,028A41.JPG,028,41,41+
152,080A00.JPG,080,0,00-03
0,021A18.JPG,021,18,17-24
668,081A02.JPG,081,2,00-03
353,069A11.JPG,069,11,04-11
932,063A25.JPG,063,25,25-40
102,059A03.JPG,059,3,00-03
786,061A30.JPG,061,30,25-40
821,014A42.JPG,014,42,41+
230,007A18.JPG,007,18,17-24
609,032A08.JPG,032,8,04-11
497,044A13.JPG,044,13,12-16
344,041A00.JPG,041,0,00-03
963,024A25.JPG,024,25,25-40
363,079A00.JPG,079,0,00-03
389,011A34.JPG,011,34,25-40
907,033A02.JPG,033,2,00-03
833,012A23.JPG,012,23,17-24
770,002A31.JPG,002,31,25-40
890,050A03.JPG,050,3,00-03
747,066A04.JPG,066,4,04-11
150,080A01.JPG,080,1,00-03
992,052A04.JPG,052,4,04-11
446,016A16.JPG,016,16,12-16
325,001A08.JPG,001,8,04-11
751,061A19.JPG,061,19,17-24
271,025A22.JPG,025,22,17-24
130,007A26.JPG,007,26,25-40
826,004A53.JPG,004,53,41+
622,058A04.JPG,058,4,04-11
463,077A13.JPG,077,13,12-16
537,077A09.JPG,077,9,04-11
123,026A13.JPG,026,13,12-16
370,027A20.JPG,027,20,17-24
237,073A00.JPG,073,0,00-03
808,082A22.JPG,082,22,17-24
142,012A07.JPG,012,7,04-11
726,021A39.JPG,021,39,25-40
831,061A32.JPG,061,32,25-40
713,081A01.JPG,081,1,00-03
438,001A33.JPG,001,33,25-40
708,020A22.JPG,020,22,17-24
63,068A09.JPG,068,9,04-11
982,042A01.JPG,042,1,00-03
771,002A18.JPG,002,18,17-24
896,076A06.JPG,076,6,04-11
638,037A04.JPG,037,4,04-11
448,043A17.JPG,043,17,17-24
64,003A51.JPG,003,51,41+
12,038A05.JPG,038,5,04-11
466,069A13.JPG,069,13,12-16
256,008A12.JPG,008,12,12-16
374,053A10.JPG,053,10,04-11
479,081A11.JPG,081,11,04-11
49,076A09.JPG,076,9,04-11
583,027A11.JPG,027,11,04-11
121,073A12.JPG,073,12,12-16
922,074A15.JPG,074,15,12-16
612,048A15.JPG,048,15,12-16
722,060A02.JPG,060,2,00-03
342,048A30.JPG,048,30,25-40
599,046A00.JPG,046,0,00-03
202,015A19.JPG,015,19,17-24
332,003A25.JPG,003,25,25-40
688,027A02.JPG,027,2,00-03
796,045A19.JPG,045,19,17-24
291,079A11.JPG,079,11,04-11
93,045A12.JPG,045,12,12-16
976,012A18.JPG,012,18,17-24
777,023A29.JPG,023,29,25-40
185,038A00.JPG,038,0,00-03
507,001A16.JPG,001,16,12-16
136,045A17.JPG,045,17,17-24
282,032A10.JPG,032,10,04-11
178,055A05.JPG,055,5,04-11
174,073A01.JPG,073,1,00-03
464,077A07.JPG,077,7,04-11
919,065A03b.JPG,065,3,00-03
870,021A03.JPG,021,3,00-03
975,049A08.JPG,049,8,04-11
659,008A08.JPG,008,8,04-11
825,042A12.JPG,042,12,12-16
273,079A07.JPG,079,7,04-11
598,041A21.JPG,041,21,17-24
234,026A15.JPG,026,15,12-16
245,022A16.JPG,022,16,12-16
311,044A25.JPG,044,25,25-40
852,040A02.JPG,040,2,00-03
768,078A10.JPG,078,10,04-11
596,070A01.JPG,070,1,00-03
455,027A22.JPG,027,22,17-24
767,023A14.JPG,023,14,12-16
683,070A06.JPG,070,6,04-11
735,082A23.JPG,082,23,17-24
218,023A25.JPG,023,25,25-40
476,070A03.JPG,070,3,00-03
719,046A12.JPG,046,12,12-16
935,017A15.JPG,017,15,12-16
692,054A13.JPG,054,13,12-16
334,070A08.JPG,070,8,04-11
233,009A09.JPG,009,9,04-11
165,019A27.JPG,019,27,25-40
645,044A15.JPG,044,15,12-16
505,071A42.JPG,071,42,41+
861,063A22.JPG,063,22,17-24
385,043A15.JPG,043,15,12-16
395,065A10.JPG,065,10,04-11
145,057A17.JPG,057,17,17-24
937,042A28.JPG,042,28,25-40
468,060A06.JPG,060,6,04-11
242,041A02.JPG,041,2,00-03
736,007A01.JPG,007,1,00-03
490,030A23.JPG,030,23,17-24
820,082A20.JPG,082,20,17-24
246,079A06.JPG,079,6,04-11
498,018A36.JPG,018,36,25-40
579,008A31.JPG,008,31,25-40
216,062A45.JPG,062,45,41+
926,007A38.JPG,007,38,25-40
369,075A00.JPG,075,0,00-03
671,079A08.JPG,079,8,04-11
3,073A04.JPG,073,4,04-11
881,040A12.JPG,040,12,12-16
742,031A00.JPG,031,0,00-03
62,034A04.JPG,034,4,04-11
42,066A06a.JPG,066,6,04-11
451,008A16.JPG,008,16,12-16
681,025A07.JPG,025,7,04-11
59,015A09.JPG,015,9,04-11
822,052A17.JPG,052,17,17-24
429,077A12.JPG,077,12,12-16
610,032A20.JPG,032,20,17-24
217,024A10.JPG,024,10,04-11
624,056A01.JPG,056,1,00-03
805,009A05.JPG,009,5,04-11
485,054A16.JPG,054,16,12-16
335,022A28.JPG,022,28,25-40
172,021A23.JPG,021,23,17-24
571,016A19.JPG,016,19,17-24
137,010A16.JPG,010,16,12-16
113,061A06.JPG,061,6,04-11
717,070A07.JPG,070,7,04-11
678,035A16.JPG,035,16,12-16
206,024A05.JPG,024,5,04-11
707,054A12.JPG,054,12,12-16
789,066A11.JPG,066,11,04-11
287,013A21.JPG,013,21,17-24
679,060A17.JPG,060,17,17-24
409,079A01.JPG,079,1,00-03
318,016A04.JPG,016,4,04-11
901,012A27.JPG,012,27,25-40
626,056A15.JPG,056,15,12-16
545,081A06.JPG,081,6,04-11
96,049A12.JPG,049,12,12-16
365,003A35.JPG,003,35,25-40
238,021A20.JPG,021,20,17-24
231,052A19.JPG,052,19,17-24
396,065A04.JPG,065,4,04-11
593,025A00.JPG,025,0,00-03
577,039A11.JPG,039,11,04-11
519,059A02b.JPG,059,2,00-03
260,005A52.JPG,005,52,41+
746,045A18.JPG,045,18,17-24
450,053A12.JPG,053,12,12-16
139,047A06.JPG,047,6,04-11
235,073A14.JPG,073,14,12-16
783,006A40.JPG,006,40,25-40
709,072A02.JPG,072,2,00-03
373,054A19.JPG,054,19,17-24
44,005A24.JPG,005,24,17-24
55,049A10.JPG,049,10,04-11
298,029A20.JPG,029,20,17-24
763,076A15.JPG,076,15,12-16
996,009A14.JPG,009,14,12-16
729,021A05.JPG,021,5,04-11
580,001A29.JPG,001,29,25-40
738,063A08.JPG,063,8,04-11
138,004A63.JPG,004,63,41+
406,025A18.JPG,025,18,17-24
651,018A25.JPG,018,25,25-40
691,072A17.JPG,072,17,17-24
166,004A62.JPG,004,62,41+
360,007A45.JPG,007,45,41+
330,020A11.JPG,020,11,04-11
347,065A06a.JPG,065,6,04-11
595,025A28.JPG,025,28,25-40
117,038A13.JPG,038,13,12-16
315,005A45.JPG,005,45,41+
893,057A23.JPG,057,23,17-24
574,037A00.JPG,037,0,00-03
993,009A00.JPG,009,0,00-03
892,050A16.JPG,050,16,12-16
192,010A15.JPG,010,15,12-16
229,038A01.JPG,038,1,00-03
425,069A06.JPG,069,6,04-11
366,051A15.JPG,051,15,12-16
2,028A28.JPG,028,28,25-40
581,054A00.JPG,054,0,00-03
403,003A20.JPG,003,20,17-24
564,068A10b.JPG,068,10,04-11
578,062A15.JPG,062,15,12-16
615,041A19.JPG,041,19,17-24
569,011A11.JPG,011,11,04-11
263,016A07.JPG,016,7,04-11
322,037A09.JPG,037,9,04-11
703,011A02.JPG,011,2,00-03
350,035A18.JPG,035,18,17-24
60,033A25.JPG,033,25,25-40
333,051A05.JPG,051,5,04-11
170,026A02.JPG,026,2,00-03
195,033A21.JPG,033,21,17-24
405,051A14.JPG,051,14,12-16
539,022A20.JPG,022,20,17-24
972,006A51.JPG,006,51,41+
339,079A10.JPG,079,10,04-11
541,025A15.JPG,025,15,12-16
112,049A07.JPG,049,7,04-11
682,070A12.JPG,070,12,12-16
257,030A16.JPG,030,16,12-16
695,039A02.JPG,039,2,00-03
50,071A00.JPG,071,0,00-03
482,020A26.JPG,020,26,25-40
637,054A10.JPG,054,10,04-11
910,063A33.JPG,063,33,25-40
194,033A35.JPG,033,35,25-40
175,073A15.JPG,073,15,12-16
31,076A08.JPG,076,8,04-11
72,048A50.JPG,048,50,41+
203,071A10.JPG,071,10,04-11
909,017A17.JPG,017,17,17-24
415,013A25.JPG,013,25,25-40
934,064A10.JPG,064,10,04-11
358,041A04.JPG,041,4,04-11
337,077A15.JPG,077,15,12-16
824,031A03.JPG,031,3,00-03
809,009A11.JPG,009,11,04-11
41,005A31.JPG,005,31,25-40
264,030A17.JPG,030,17,17-24
4,028A14.JPG,028,14,12-16
627,020A08.JPG,020,8,04-11
900,040A07.JPG,040,7,04-11
594,077A08.JPG,077,8,04-11
980,003A49.JPG,003,49,41+
787,033A10.JPG,033,10,04-11
486,054A02.JPG,054,2,00-03
642,011A14.JPG,011,14,12-16
584,020A30.JPG,020,30,25-40
631,029A10.JPG,029,10,04-11
173,074A08.JPG,074,8,04-11
690,029A13.JPG,029,13,12-16
782,015A14.JPG,015,14,12-16
289,079A05.JPG,079,5,04-11
576,039A05.JPG,039,5,04-11
98,039A52.JPG,039,52,41+
848,024A23.JPG,024,23,17-24
544,056A10.JPG,056,10,04-11
104,080A04.JPG,080,4,04-11
969,078A00.JPG,078,0,00-03
614,046A10.JPG,046,10,04-11
177,026A00.JPG,026,0,00-03
131,055A06.JPG,055,6,04-11
812,028A20.JPG,028,20,17-24
478,058A02.JPG,058,2,00-03
18,034A11.JPG,034,11,04-11
471,035A07.JPG,035,7,04-11
641,005A61.JPG,005,61,41+
247,077A03.JPG,077,3,00-03
661,001A10.JPG,001,10,04-11
126,073A02.JPG,073,2,00-03
604,032A24.JPG,032,24,17-24
555,008A18.JPG,008,18,17-24
674,041A24.JPG,041,24,17-24
898,023A07.JPG,023,7,04-11
557,008A30.JPG,008,30,25-40
207,002A29.JPG,002,29,25-40
556,001A14.JPG,001,14,12-16
377,065A11.JPG,065,11,04-11
157,024A07.JPG,024,7,04-11
837,071A23.JPG,071,23,17-24
473,014A22.JPG,014,22,17-24
253,053A02.JPG,053,2,00-03
867,028A37.JPG,028,37,25-40
435,020A16.JPG,020,16,12-16
211,059A04.JPG,059,4,04-11
760,006A69.JPG,006,69,41+
562,065A09.JPG,065,9,04-11
553,001A28.JPG,001,28,25-40
328,027A30.JPG,027,30,25-40
752,034A18.JPG,034,18,17-24
124,026A07.JPG,026,7,04-11
654,062A38.JPG,062,38,25-40
30,024A00.JPG,024,0,00-03
512,058A17.JPG,058,17,17-24
761,015A15.JPG,015,15,12-16
22,034A39.JPG,034,39,25-40
182,013A44.JPG,013,44,41+
461,079A02.JPG,079,2,00-03
65,010A05.JPG,010,5,04-11
745,019A15.JPG,019,15,12-16
422,032A28.JPG,032,28,25-40
153,002A03.JPG,002,3,00-03
851,047A23.JPG,047,23,17-24
662,029A11.JPG,029,11,04-11
488,039A07.JPG,039,7,04-11
696,039A16.JPG,039,16,12-16
548,081A12.JPG,081,12,12-16
964,071A18.JPG,071,18,17-24
710,020A36.JPG,020,36,25-40
916,082A18.JPG,082,18,17-24
899,071A27.JPG,071,27,25-40
835,076A16.JPG,076,16,12-16
278,014A16.JPG,014,16,12-16
193,061A15.JPG,061,15,12-16
6,082A16.JPG,082,16,12-16
492,039A13.JPG,039,13,12-16
279,065A06b.JPG,065,6,04-11
26,040A09.JPG,040,9,04-11
917,074A03.JPG,074,3,00-03
676,035A14.JPG,035,14,12-16
590,003A38.JPG,003,38,25-40
375,053A04.JPG,053,4,04-11
432,051A02.JPG,051,2,00-03
879,015A07.JPG,015,7,04-11
74,082A03.JPG,082,3,00-03
78,026A06.JPG,026,6,04-11
402,075A01.JPG,075,1,00-03
301,075A05.JPG,075,5,04-11
605,060A04.JPG,060,4,04-11
10,031A09.JPG,031,9,04-11
356,069A05.JPG,069,5,04-11
199,047A11.JPG,047,11,04-11
324,053A00.JPG,053,0,00-03
296,003A18.JPG,003,18,17-24
845,023A16.JPG,023,16,12-16
961,002A21.JPG,002,21,17-24
977,066A00.JPG,066,0,00-03
458,051A17.JPG,051,17,17-24
393,037A18.JPG,037,18,17-24
648,005A48.JPG,005,48,41+
295,077A00.JPG,077,0,00-03
309,018A28.JPG,018,28,25-40
887,076A13.JPG,076,13,12-16
239,069A03.JPG,069,3,00-03
212,080A03.JPG,080,3,00-03
437,008A03.JPG,008,3,00-03
219,049A15.JPG,049,15,12-16
699,043A23.JPG,043,23,17-24
114,034A13.JPG,034,13,12-16
823,055A22.JPG,055,22,17-24
13,042A24.JPG,042,24,17-24
552,029A29.JPG,029,29,25-40
643,005A49.JPG,005,49,41+
372,029A31.JPG,029,31,25-40
56,006A61.JPG,006,61,41+
346,048A18.JPG,048,18,17-24
955,076A10.JPG,076,10,04-11
321,030A00.JPG,030,0,00-03
666,058A05.JPG,058,5,04-11
904,010A07b.JPG,010,7,04-11
267,075A07.JPG,075,7,04-11
772,057A25.JPG,057,25,25-40
97,049A06.JPG,049,6,04-11
766,023A00.JPG,023,0,00-03
625,004A21.JPG,004,21,17-24
133,038A17.JPG,038,17,17-24
168,017A22.JPG,017,22,17-24
209,002A15.JPG,002,15,12-16
967,078A14.JPG,078,14,12-16
998,073A09.JPG,073,9,04-11
510,072A07.JPG,072,7,04-11
411,077A10.JPG,077,10,04-11
929,031A11.JPG,031,11,04-11
950,047A18.JPG,047,18,17-24
266,053A03.JPG,053,3,00-03
784,012A21.JPG,012,21,17-24
672,022A18.JPG,022,18,17-24
95,061A07.JPG,061,7,04-11
740,031A14.JPG,031,14,12-16
149,059A12.JPG,059,12,12-16
727,074A10.JPG,074,10,04-11
75,073A11.JPG,073,11,04-11
76,073A05.JPG,073,5,04-11
634,008A21.JPG,008,21,17-24
101,080A10.JPG,080,10,04-11
465,041A06.JPG,041,6,04-11
37,080A13.JPG,080,13,12-16
493,071A43.JPG,071,43,41+
258,016A12.JPG,016,12,12-16
115,010A06.JPG,010,6,04-11
265,008A13.JPG,008,13,12-16
936,003A60.JPG,003,60,41+
856,045A32.JPG,045,32,25-40
25,049A05.JPG,049,5,04-11
53,001A40.JPG,001,40,25-40
750,033A39.JPG,033,39,25-40
110,080A05.JPG,080,5,04-11
846,076A17.JPG,076,17,17-24
778,076A00.JPG,076,0,00-03
876,019A07.JPG,019,7,04-11
600,041A09.JPG,041,9,04-11
474,014A36.JPG,014,36,25-40
8,055A14.JPG,055,14,12-16
640,039A15.JPG,039,15,12-16
628,029A04.JPG,029,4,04-11
397,001A19.JPG,001,19,17-24
667,045A40.JPG,045,40,25-40
908,019A12.JPG,019,12,12-16
971,040A10.JPG,040,10,04-11
501,043A27.JPG,043,27,25-40
92,003A47.JPG,003,47,41+
623,051A08.JPG,051,8,04-11
54,047A15.JPG,047,15,12-16
167,017A36.JPG,017,36,25-40
66,063A00.JPG,063,0,00-03
636,006A24.JPG,006,24,17-24
983,019A05.JPG,019,5,04-11
160,012A12.JPG,012,12,12-16
570,016A18.JPG,016,18,17-24
798,003A58.JPG,003,58,41+
129,035A23b.JPG,035,23,17-24
517,056A06.JPG,056,6,04-11
100,023A22.JPG,023,22,17-24
14,010A04.JPG,010,4,04-11
816,074A13.JPG,074,13,12-16
801,036A08.JPG,036,8,04-11
215,078A09.JPG,078,9,04-11
646,044A01.JPG,044,1,00-03
981,004A40.JPG,004,40,25-40
531,067A30.JPG,067,30,25-40
866,052A02.JPG,052,2,00-03
619,022A25.JPG,022,25,25-40
340,079A04.JPG,079,4,04-11
352,067A14.JPG,067,14,12-16
254,001A22.JPG,001,22,17-24
252,075A06.JPG,075,6,04-11
864,082A21.JPG,082,21,17-24
592,051A18.JPG,051,18,17-24
70,036A01.JPG,036,1,00-03
701,044A17.JPG,044,17,17-24
420,035A21.JPG,035,21,17-24
521,070A02.JPG,070,2,00-03
452,053A06.JPG,053,6,04-11
39,002A38.JPG,002,38,25-40
306,062A35.JPG,062,35,25-40
990,038A34.JPG,038,34,25-40
155,080A14.JPG,080,14,12-16
243,009A22b.JPG,009,22,17-24
224,019A30.JPG,019,30,25-40
543,004A30.JPG,004,30,25-40
974,015A05.JPG,015,5,04-11
28,039A45.JPG,039,45,41+
680,048A16.JPG,048,16,12-16
865,052A16.JPG,052,16,12-16
665,072A29.JPG,072,29,25-40
417,035A09.JPG,035,9,04-11
107,057A07.JPG,057,7,04-11
80,021A27.JPG,021,27,25-40
43,005A30.JPG,005,30,25-40
774,071A35.JPG,071,35,25-40
481,029A16.JPG,029,16,12-16
944,034A35.JPG,034,35,25-40
116,010A12.JPG,010,12,12-16
299,033A44.JPG,033,44,41+
649,011A15.JPG,011,15,12-16
407,022A11.JPG,022,11,04-11
248,025A23.JPG,025,23,17-24
154,059A07.JPG,059,7,04-11
621,058A10.JPG,058,10,04-11
956,024A30.JPG,024,30,25-40
327,075A10.JPG,075,10,04-11
158,049A16.JPG,049,16,12-16
607,035A01.JPG,035,1,00-03
914,009A03.JPG,009,3,00-03
966,024A19.JPG,024,19,17-24
